{"cameraMode":{"drawMode":0,"name":"Shaded","section":"Shading Mode"},"sceneLighting":true,"audioPlay":false,"sceneViewState":{"m_AlwaysRefresh":false,"showFog":true,"showSkybox":true,"showFlares":true,"showImageEffects":true,"showParticleSystems":true,"showVisualEffectGraphs":true,"m_FxEnabled":true},"in2DMode":false,"pivot":{"x":495.3505554199219,"y":96.46647644042969,"z":678.5944213867188},"rotation":{"x":0.025495285168290139,"y":0.013494851998984814,"z":-0.00034283928107470274,"w":0.9995723366737366},"size":845.5194091796875,"orthographic":false}